Date,price
2010/1/4,108.449734
2010/1/5,108.130651
2010/1/6,106.42037
2010/1/7,104.480348
2010/1/8,103.382705
2010/1/11,102.929608
2010/1/12,105.712007
2010/1/13,103.025333
2010/1/14,107.556303
2010/1/15,108.405062
2010/1/18,109.113425
2010/1/19,108.341246
2010/1/20,105.884311
2010/1/21,106.401225
2010/1/22,104.741996
2010/1/25,105.960891
2010/1/26,106.38208
2010/1/27,104.646271
2010/1/28,107.977492
2010/1/29,107.556303
2010/2/1,107.779661
2010/2/2,106.26721
2010/2/3,105.890693
2010/2/4,107.594593
2010/2/5,109.28573
2010/2/8,109.272966
2010/2/9,109.196387
2010/2/10,109.655865
2010/2/11,110.645021
2010/2/12,110.459953
2010/2/22,107.900912
2010/2/23,106.413988
2010/2/24,107.160641
2010/2/25,107.371235
2010/2/26,106.471423
2010/3/1,106.088524
2010/3/2,105.680098
2010/3/3,105.718388
2010/3/4,105.386543
2010/3/5,104.920682
2010/3/8,104.135739
2010/3/9,104.129358
2010/3/10,104.442059
2010/3/11,104.027251
2010/3/12,103.331652
2010/3/15,101.276761
2010/3/16,101.42992
2010/3/17,102.431839
2010/3/18,101.091693
2010/3/19,101.315051
2010/3/22,100.830046
2010/3/23,100.370567
2010/3/24,101.563935
2010/3/25,100.766229
2010/3/26,101.889399
2010/3/29,103.204019
2010/3/30,102.112757
2010/3/31,101.315051
2010/4/1,102.144665
2010/4/2,97.4031
2010/4/6,96.89895
2010/4/7,97.084018
2010/4/8,96.050191
2010/4/9,95.175905
2010/4/12,93.9953
2010/4/13,95.648147
2010/4/14,96.056572
2010/4/15,94.116551
2010/4/16,94.435634
2010/4/19,93.274174
2010/4/20,91.589419
2010/4/21,94.46116
2010/4/22,94.805769
2010/4/23,91.78725
2010/4/26,87.383912
2010/4/27,84.844016
2010/4/28,84.320721
2010/4/29,85.67363
2010/4/30,82.34241
2010/5/4,82.093526
2010/5/5,83.46558
2010/5/6,81.270293
2010/5/7,82.967812
2010/5/10,85.220533
2010/5/11,85.297113
2010/5/12,84.990794
2010/5/13,86.069293
2010/5/14,86.120346
2010/5/17,82.833797
2010/5/18,83.031628
2010/5/19,82.852942
2010/5/20,83.905914
2010/5/21,85.648104
2010/5/24,86.771274
2010/5/25,83.759136
2010/5/26,84.19947
2010/5/27,84.19947
2010/5/28,84.19947
2010/5/31,84.16118
2010/6/1,84.639803
2010/6/2,85.616196
2010/6/3,86.171399
2010/6/4,88.143328
2010/6/7,90.019533
2010/6/8,89.419658
2010/6/9,90.249272
2010/6/10,90.204601
2010/6/11,88.519846
2010/6/17,87.096738
2010/6/18,84.403682
2010/6/21,85.794882
2010/6/22,84.359011
2010/6/23,84.04631
2010/6/24,82.942285
2010/6/25,83.293276
2010/6/28,81.691482
2010/6/29,80.581075
2010/6/30,81.276675
2010/7/1,81.059699
2010/7/2,81.480887
2010/7/5,81.036454
2010/7/6,82.189425
2010/7/7,82.009072
2010/7/8,82.65319
2010/7/9,84.418072
2010/7/12,84.192631
2010/7/13,83.445455
2010/7/14,83.889896
2010/7/15,84.914043
2010/7/16,86.189396
2010/7/19,87.47119
2010/7/20,87.928514
2010/7/21,88.810955
2010/7/22,88.862485
2010/7/23,90.633809
2010/7/26,90.794838
2010/7/27,91.464721
2010/7/28,92.070191
2010/7/29,89.802897
2010/7/30,89.319808
2010/8/2,92.463103
2010/8/3,91.632191
2010/8/4,92.765838
2010/8/5,95.432486
2010/8/6,95.458251
2010/8/9,97.654692
2010/8/10,94.530721
2010/8/11,95.232809
2010/8/12,95.922015
2010/8/13,96.868868
2010/8/16,98.485604
2010/8/17,99.896222
2010/8/18,98.446957
2010/8/19,97.429251
2010/8/20,95.902692
2010/8/23,97.081427
2010/8/24,97.53231
2010/8/25,96.482398
2010/8/26,96.855986
2010/8/27,97.300427
2010/8/30,102.942899
2010/8/31,102.562869
2010/9/1,101.049193
2010/9/2,103.052399
2010/9/3,104.746429
2010/9/6,107.387311
2010/9/7,106.453341
2010/9/8,107.232723
2010/9/9,107.496811
2010/9/10,109.171517
2010/9/13,108.714194
2010/9/14,107.754458
2010/9/15,104.636929
2010/9/16,102.633722
2010/9/17,104.224693
2010/9/20,106.053988
2010/9/21,106.975076
2010/9/27,108.7464
2010/9/28,110.002429
2010/9/29,107.670723
2010/9/30,108.681988
2010/10/8,111.773753
2010/10/11,108.082958
2010/10/12,107.310017
2010/10/13,103.702958
2010/10/14,102.054016
2010/10/15,103.045958
2010/10/18,104.617605
2010/10/19,105.165105
2010/10/20,107.831753
2010/10/21,107.8704
2010/10/22,108.282635
2010/10/25,111.432371
2010/10/26,108.862341
2010/10/27,108.3084
2010/10/28,107.593429
2010/10/29,105.087811
2010/11/1,105.480723
2010/11/2,104.778634
2010/11/3,105.216635
2010/11/4,106.311635
2010/11/5,105.622429
2010/11/8,105.306811
2010/11/9,106.83337
2010/11/10,115.767283
2010/11/11,113.313195
2010/11/12,114.350224
2010/11/15,118.31799
2010/11/16,114.131224
2010/11/17,106.279429
2010/11/18,109.171517
2010/11/19,112.823665
2010/11/22,114.98146
2010/11/23,121.76402
2010/11/24,128.772021
2010/11/25,130.73658
2010/11/26,133.486963
2010/11/29,139.406405
2010/11/30,131.921756
2010/12/1,130.369433
2010/12/2,127.644815
2010/12/3,128.688285
2010/12/6,124.327608
2010/12/7,127.251903
2010/12/8,126.36302
2010/12/9,125.770432
2010/12/10,127.354962
2010/12/13,126.884756
2010/12/14,127.477344
2010/12/15,129.274432
2010/12/16,133.319492
2010/12/17,131.670551
2010/12/20,127.135962
2010/12/21,124.958844
2010/12/22,122.994284
2010/12/23,122.839696
2010/12/24,121.557902
2010/12/27,117.867107
2010/12/28,118.041019
2010/12/29,119.805902
2010/12/30,117.184342
2010/12/31,118.466137
2011/1/4,119.483843
2011/1/5,116.636842
2011/1/6,116.095783
2011/1/7,115.760842
2011/1/10,112.276165
2011/1/11,111.793077
2011/1/12,112.379224
2011/1/13,115.612695
2011/1/14,116.063577
2011/1/17,113.100636
2011/1/18,117.590136
2011/1/19,117.764048
2011/1/20,115.986283
2011/1/21,113.293871
2011/1/24,110.479077
2011/1/25,109.9509
2011/1/26,110.87843
2011/1/27,111.471018
2011/1/28,111.651371
2011/1/31,114.646518
2011/2/1,116.121548
2011/2/9,114.627195
2011/2/10,119.181107
2011/2/11,119.116696
2011/2/14,120.520872
2011/2/15,119.316372
2011/2/16,118.311548
2011/2/17,116.752783
2011/2/18,117.216548
2011/2/21,118.182725
2011/2/22,117.152136
2011/2/23,117.71896
2011/2/24,117.326048
2011/2/25,115.69643
2011/2/28,115.09096
2011/3/1,115.065195
2011/3/2,114.144107
2011/3/3,112.720606
2011/3/4,113.319636
2011/3/7,114.253607
2011/3/8,113.828489
2011/3/9,114.646518
2011/3/10,117.229431
2011/3/11,115.96696
2011/3/14,117.796254
2011/3/15,115.470989
2011/3/16,117.126372
2011/3/17,121.757578
2011/3/18,123.123108
2011/3/21,120.533755
2011/3/22,119.644872
2011/3/23,120.153725
2011/3/24,118.227813
2011/3/25,118.150519
2011/3/28,116.527342
2011/3/29,115.264871
2011/3/30,115.110283
2011/3/31,115.844577
2011/4/1,115.593371
2011/4/6,113.995959
2011/4/7,112.681959
2011/4/8,113.145724
2011/4/11,114.324459
2011/4/12,114.279371
2011/4/13,114.865518
2011/4/14,113.197253
2011/4/15,111.033018
2011/4/18,111.471018
2011/4/19,111.677136
2011/4/20,112.591783
2011/4/21,112.63043
2011/4/22,113.461342
2011/4/25,117.912195
2011/4/26,116.694813
2011/4/27,116.68193
2011/4/28,114.923489
2011/4/29,117.429107
2011/5/3,119.715725
2011/5/4,118.195607
2011/5/5,119.129578
2011/5/6,119.683519
2011/5/9,118.620725
2011/5/10,118.253578
2011/5/11,119.335696
2011/5/12,120.656137
2011/5/13,120.875137
2011/5/16,120.881578
2011/5/17,120.855813
2011/5/18,125.570755
2011/5/19,128.746256
2011/5/20,129.358168
2011/5/23,126.91052
2011/5/24,125.351755
2011/5/25,125.351755
2011/5/26,127.979756
2011/5/27,124.791373
2011/5/30,130.453168
2011/5/31,131.271197
2011/6/1,135.193875
2011/6/2,133.068286
2011/6/3,136.301757
2011/6/7,133.892757
2011/6/8,134.453139
2011/6/9,129.995844
2011/6/10,130.472491
2011/6/13,129.783285
2011/6/14,131.696315
2011/6/15,130.891168
2011/6/16,130.768786
2011/6/17,134.382286
2011/6/20,131.052197
2011/6/21,130.949139
2011/6/22,132.643168
2011/6/23,133.970051
2011/6/24,132.971668
2011/6/27,134.150404
2011/6/28,135.554581
2011/6/29,135.870198
2011/6/30,136.958757
2011/7/1,137.2596
2011/7/4,138.255221
2011/7/5,137.116345
2011/7/6,136.858487
2011/7/7,139.03596
2011/7/8,139.014472
2011/7/11,140.984225
2011/7/12,138.770938
2011/7/13,139.379771
2011/7/14,138.419964
2011/7/15,139.780885
2011/7/18,142.509889
2011/7/19,142.423936
2011/7/20,143.176024
2011/7/21,145.711634
2011/7/22,147.753015
2011/7/25,145.869214
2011/7/26,145.80475
2011/7/27,146.349118
2011/7/28,148.805938
2011/7/29,148.046688
2011/8/1,145.67582
2011/8/2,144.049878
2011/8/3,144.536945
2011/8/4,146.821859
2011/8/5,145.496752
2011/8/8,143.011281
2011/8/9,144.042716
2011/8/10,147.337576
2011/8/11,153.784043
2011/8/12,155.26673
2011/8/15,152.781259
2011/8/16,150.19551
2011/8/17,150.310114
2011/8/18,149.128261
2011/8/19,150.345927
2011/8/22,146.341955
2011/8/23,146.786045
2011/8/24,147.409204
2011/8/25,148.569568
2011/8/26,152.480424
2011/8/29,154.192319
2011/8/30,153.869996
2011/8/31,153.834182
2011/9/1,151.47764
2011/9/2,151.749825
2011/9/5,148.462127
2011/9/6,145.410799
2011/9/7,148.691334
2011/9/8,147.459343
2011/9/9,148.326034
2011/9/13,144.422341
2011/9/14,141.786452
2011/9/15,142.17324
2011/9/16,145.346334
2011/9/19,145.20308
2011/9/20,143.856484
2011/9/21,146.377769
2011/9/22,141.578733
2011/9/23,138.992983
2011/9/26,134.745478
2011/9/27,135.705285
2011/9/28,134.029204
2011/9/29,134.007716
2011/9/30,136.514675
2011/10/10,134.659525
2011/10/11,133.921763
2011/10/12,137.553272
2011/10/13,137.574761
2011/10/14,137.123508
2011/10/17,141.20627
2011/10/18,140.690553
2011/10/19,141.908219
2011/10/20,136.879975
2011/10/21,139.236517
2011/10/24,143.648765
2011/10/25,143.698904
2011/10/26,144.587084
2011/10/27,144.687362
2011/10/28,146.843347
2011/10/31,146.270328
2011/11/1,148.404825
2011/11/2,150.109557
2011/11/3,148.469289
2011/11/4,148.813101
2011/11/7,148.125478
2011/11/8,146.657116
2011/11/9,146.205863
2011/11/10,146.843347
2011/11/11,146.098422
2011/11/14,148.454964
2011/11/15,146.069771
2011/11/16,143.806345
2011/11/17,144.572758
2011/11/18,143.66309
2011/11/21,143.877972
2011/11/22,147.602598
2011/11/23,149.780071
2011/11/24,148.762962
2011/11/25,150.403229
2011/11/28,153.189535
2011/11/29,152.251216
2011/11/30,150.460531
2011/12/1,152.451773
2011/12/2,153.304139
2011/12/5,148.068176
2011/12/6,145.88354
2011/12/7,147.337576
2011/12/8,145.403636
2011/12/9,143.125885
2011/12/12,141.49278
2011/12/13,140.568786
2011/12/14,141.707662
2011/12/15,141.091666
2011/12/16,144.529782
2011/12/19,143.971088
2011/12/20,143.42672
2011/12/21,141.270735
2011/12/22,143.018444
2011/12/23,143.799182
2011/12/26,138.326848
2011/12/27,135.397287
2011/12/28,136.256816
2011/12/29,137.675039
2011/12/30,138.455778
2012/1/4,132.704097
2012/1/5,131.185596
2012/1/6,133.685392
2012/1/9,134.666688
2012/1/10,139.300981
2012/1/11,135.862866
2012/1/12,136.342769
2012/1/13,135.153754
2012/1/16,127.074183
2012/1/17,129.244493
2012/1/18,127.052695
2012/1/19,129.430724
2012/1/20,133.205489
2012/1/30,131.651174
2012/1/31,133.520649
2012/2/1,133.334418
2012/2/2,133.534975
2012/2/3,133.570789
2012/2/6,135.046313
2012/2/7,133.126699
2012/2/8,134.867245
2012/2/9,136.629279
2012/2/10,136.457373
2012/2/13,138.541731
2012/2/14,138.82824
2012/2/15,139.530189
2012/2/16,137.324065
2012/2/17,137.123508
2012/2/20,136.708069
2012/2/21,137.488808
2012/2/22,138.06899
2012/2/23,139.179215
2012/2/24,141.879568
2012/2/27,142.180403
2012/2/28,143.784857
2012/2/29,146.449396
2012/3/1,145.102801
2012/3/2,143.899461
2012/3/5,143.14021
2012/3/6,140.425531
2012/3/7,138.334011
2012/3/8,139.27233
2012/3/9,143.204675
2012/3/12,143.641602
2012/3/13,144.443829
2012/3/14,142.30217
2012/3/15,142.488401
2012/3/16,148.691334
2012/3/19,148.727148
2012/3/20,148.805938
2012/3/21,146.907812
2012/3/22,147.08688
2012/3/23,151.864428
2012/3/26,154.14218
2012/3/27,144.329225
2012/3/28,144.257598
2012/3/29,144.078529
2012/3/30,141.077341
2012/4/5,147.552458
2012/4/6,148.963518
2012/4/9,149.887512
2012/4/10,149.063797
2012/4/11,149.59384
2012/4/12,152.150938
2012/4/13,152.587865
2012/4/16,152.44461
2012/4/17,150.546484
2012/4/18,153.182373
2012/4/19,150.045092
2012/4/20,152.20824
2012/4/23,151.735499
2012/4/24,151.506291
2012/4/25,152.509075
2012/4/26,155.209428
2012/4/27,160.846505
2012/5/2,161.863614
2012/5/3,162.372169
2012/5/4,167.608132
2012/5/7,167.973432
2012/5/8,167.686923
2012/5/9,165.337544
2012/5/10,163.095606
2012/5/11,163.088443
2012/5/14,159.141773
2012/5/15,159.807908
2012/5/16,157.594621
2012/5/17,157.515831
2012/5/18,156.090445
2012/5/21,159.86521
2012/5/22,164.227319
2012/5/23,165.079685
2012/5/24,157.752201
2012/5/25,156.563186
2012/5/28,161.51264
2012/5/29,161.51264
2012/5/30,163.783229
2012/5/31,169.527747
2012/6/1,172.170798
2012/6/4,169.420306
2012/6/5,172.478796
2012/6/6,169.45612
2012/6/7,170.458903
2012/6/8,171.175177
2012/6/11,168.718357
2012/6/12,167.500691
2012/6/13,171.18234
2012/6/14,175.193475
2012/6/15,174.326783
2012/6/18,176.532907
2012/6/19,174.555991
2012/6/20,174.455713
2012/6/21,171.748197
2012/6/25,170.186719
2012/6/26,170.365788
2012/6/27,173.266698
2012/6/28,169.140959
2012/6/29,171.296944
2012/7/2,173.230884
2012/7/3,182.606911
2012/7/4,185.271451
2012/7/5,183.088866
2012/7/6,189.149147
2012/7/9,185.322367
2012/7/10,182.172185
2012/7/11,187.708648
2012/7/12,186.289975
2012/7/13,191.120739
2012/7/16,190.793353
2012/7/17,184.616668
2012/7/18,178.214451
2012/7/19,179.123857
2012/7/20,176.846704
2012/7/23,176.482942
2012/7/24,181.43011
2012/7/25,185.918937
2012/7/26,182.201286
2012/7/27,181.481037
2012/7/30,181.764771
2012/7/31,179.291187
2012/8/1,176.824879
2012/8/2,176.177382
2012/8/3,179.6695
2012/8/6,181.029972
2012/8/7,183.263472
2012/8/8,183.918245
2012/8/9,189.825745
2012/8/10,180.578906
2012/8/13,180.426126
2012/8/14,180.062364
2012/8/15,177.610605
2012/8/16,174.082111
2012/8/17,167.054222
2012/8/20,169.258622
2012/8/21,171.543049
2012/8/22,168.916685
2012/8/23,166.072064
2012/8/24,168.698428
2012/8/27,166.239394
2012/8/28,164.078646
2012/8/29,159.444314
2012/8/30,158.513082
2012/8/31,159.880828
2012/9/3,159.880828
2012/9/4,169.826091
2012/9/5,170.284432
2012/9/6,168.60385
2012/9/7,175.769968
2012/9/10,175.82817
2012/9/11,174.409497
2012/9/12,174.795085
2012/9/13,174.591378
2012/9/14,178.068946
2012/9/17,175.551711
2012/9/18,174.846012
2012/9/19,168.46562
2012/9/20,166.632258
2012/9/21,167.759921
2012/9/24,169.04764
2012/9/25,173.521917
2012/9/26,171.601251
2012/9/27,175.10792
2012/9/28,178.825572
2012/10/8,174.562277
2012/10/9,177.625156
2012/10/10,177.385073
2012/10/11,176.010051
2012/10/12,177.15954
2012/10/15,178.760094
2012/10/16,181.742946
2012/10/17,180.993595
2012/10/18,182.768756
2012/10/19,184.06375
2012/10/22,182.274039
2012/10/23,178.025294
2012/10/24,179.174784
2012/10/25,179.022003
2012/10/26,175.39893
2012/10/29,175.930023
2012/10/30,177.937992
2012/10/31,179.94596
2012/11/1,181.444661
2012/11/2,180.688035
2012/11/5,176.730301
2012/11/6,171.644903
2012/11/7,172.765291
2012/11/8,170.313533
2012/11/9,170.830075
2012/11/12,168.392867
2012/11/13,165.919283
2012/11/14,167.803572
2012/11/15,165.329988
2012/11/16,163.256543
2012/11/19,155.726662
2012/11/20,157.116235
2012/11/21,159.073276
2012/11/22,158.083842
2012/11/23,161.677814
2012/11/26,157.909236
2012/11/27,159.880828
2012/11/28,158.88412
2012/11/29,159.531617
2012/11/30,157.152611
2012/12/3,145.64317
2012/12/4,143.28599
2012/12/5,143.060457
2012/12/6,141.292572
2012/12/7,144.624635
2012/12/10,144.624635
2012/12/11,147.185522
2012/12/12,154.133383
2012/12/13,149.651831
2012/12/14,151.266936
2012/12/17,153.573189
2012/12/18,156.075874
2012/12/19,159.655296
2012/12/20,158.891395
2012/12/21,157.58185
2012/12/24,148.837003
2012/12/25,148.938857
2012/12/26,149.324445
2012/12/27,151.019578
2012/12/28,154.453494
2012/12/31,152.067213
2013/1/4,150.553962
2013/1/7,148.626021
2013/1/8,153.391308
2013/1/9,157.472722
2013/1/10,156.054048
2013/1/11,153.696868
2013/1/14,152.358223
2013/1/15,153.398583
2013/1/16,149.870089
2013/1/17,149.237142
2013/1/18,148.240433
2013/1/21,143.547899
2013/1/22,144.653736
2013/1/23,144.762865
2013/1/24,142.565741
2013/1/25,137.538545
2013/1/28,129.863159
2013/1/29,129.615801
2013/1/30,131.041749
2013/1/31,130.154169
2013/2/1,130.212371
2013/2/4,127.411401
2013/2/5,134.177381
2013/2/6,133.813618
2013/2/7,134.715749
2013/2/8,136.67279
2013/2/18,130.728914
2013/2/19,129.441195
2013/2/20,129.426644
2013/2/21,130.968997
2013/2/22,135.021309
2013/2/25,131.747448
2013/2/26,129.041056
2013/2/27,128.604542
2013/2/28,127.316823
2013/3/1,126.458344
2013/3/4,127.113116
2013/3/5,127.316823
2013/3/6,128.931928
2013/3/7,133.762692
2013/3/8,133.959123
2013/3/11,134.737575
2013/3/12,132.54045
2013/3/13,133.740866
2013/3/14,130.18327
2013/3/15,128.750046
2013/3/18,123.279061
2013/3/19,120.17253
2013/3/20,123.613722
2013/3/21,121.33657
2013/3/22,122.988051
2013/3/25,122.9735
2013/3/26,123.591896
2013/3/27,121.343845
2013/3/28,121.365671
2013/3/29,122.849821
2013/4/1,120.0052
2013/4/2,119.103069
2013/4/3,119.204922
2013/4/8,119.546859
2013/4/9,119.023041
2013/4/10,123.650098
2013/4/11,122.893473
2013/4/12,125.301579
2013/4/15,125.672617
2013/4/16,125.978177
2013/4/17,129.855884
2013/4/18,130.33605
2013/4/19,130.394252
2013/4/22,126.378316
2013/4/23,124.996019
2013/4/24,127.222245
2013/4/25,128.553615
2013/4/26,126.582023
2013/5/2,124.486752
2013/5/3,125.461635
2013/5/6,129.353892
2013/5/7,136.549111
2013/5/8,137.422141
2013/5/9,143.453321
2013/5/10,143.402394
2013/5/13,143.817083
2013/5/14,139.095448
2013/5/15,141.619958
2013/5/16,141.758188
2013/5/17,142.529364
2013/5/20,141.867317
2013/5/21,141.881867
2013/5/22,145.119352
2013/5/23,147.280101
2013/5/24,146.181538
2013/5/27,146.690806
2013/5/28,147.061843
2013/5/29,146.588952
2013/5/30,145.686822
2013/5/31,143.395119
2013/6/3,147.018192
2013/6/4,146.741732
2013/6/5,146.356144
2013/6/6,146.712631
2013/6/7,147.479119
2013/6/13,146.314375
2013/6/14,145.795876
2013/6/17,142.384304
2013/6/18,144.014945
2013/6/19,146.404549
2013/6/20,144.082576
2013/6/21,143.654251
2013/6/24,139.483716
2013/6/25,142.654825
2013/6/26,141.813204
2013/6/27,142.459449
2013/6/28,144.555988
2013/7/1,145.998767
2013/7/2,148.749066
2013/7/3,148.764095
2013/7/4,147.74964
2013/7/5,148.125364
2013/7/8,146.652527
2013/7/9,144.315525
2013/7/10,145.660616
2013/7/11,147.261199
2013/7/12,141.880834
2013/7/15,141.234589
2013/7/16,143.488932
2013/7/17,140.460598
2013/7/18,139.07042
2013/7/19,132.262304
2013/7/22,131.413168
2013/7/23,134.952487
2013/7/24,131.217792
2013/7/25,134.313756
2013/7/26,131.480798
2013/7/29,128.738014
2013/7/30,126.566331
2013/7/31,126.618932
2013/8/1,129.16634
2013/8/2,132.277333
2013/8/5,131.879066
2013/8/6,131.676175
2013/8/7,132.54034
2013/8/8,131.623573
2013/8/9,129.8727
2013/8/12,133.990634
2013/8/13,135.223008
2013/8/14,134.276184
2013/8/15,133.351903
2013/8/16,131.052473
2013/8/19,131.631088
2013/8/20,130.45883
2013/8/21,131.270393
2013/8/22,131.563458
2013/8/23,129.992932
2013/8/26,130.706807
2013/8/27,130.113164
2013/8/28,127.670959
2013/8/29,126.603903
2013/8/30,126.829337
2013/9/2,114.15993
2013/9/3,113.964553
2013/9/4,114.29519
2013/9/5,112.920041
2013/9/6,112.927555
2013/9/9,113.431025
2013/9/10,113.934495
2013/9/11,114.648371
2013/9/12,114.017155
2013/9/13,114.235074
2013/9/16,112.454143
2013/9/17,106.179555
2013/9/18,106.630424
2013/9/23,105.811346
2013/9/24,102.798041
2013/9/25,101.565667
2013/9/26,101.761043
2013/9/27,100.739074
2013/9/30,102.151796
2013/10/8,102.700353
2013/10/9,102.940816
2013/10/10,102.978388
2013/10/11,103.339083
2013/10/14,104.939667
2013/10/15,108.396326
2013/10/16,108.388812
2013/10/17,108.351239
2013/10/18,107.441988
2013/10/21,109.027542
2013/10/22,107.772624
2013/10/23,107.975515
2013/10/24,107.990544
2013/10/25,102.74544
2013/10/28,100.671444
2013/10/29,99.79225
2013/10/30,99.634446
2013/10/31,101.528094
2013/11/1,101.580696
2013/11/4,102.452375
2013/11/5,103.782437
2013/11/6,104.939667
2013/11/7,104.428682
2013/11/8,102.302085
2013/11/11,104.864522
2013/11/12,108.83968
2013/11/13,108.749506
2013/11/14,108.261065
2013/11/15,107.787653
2013/11/18,107.825226
2013/11/19,107.321756
2013/11/20,106.750656
2013/11/21,104.195734
2013/11/22,104.052959
2013/11/25,105.90152
2013/11/26,105.187645
2013/11/27,105.165101
2013/11/28,106.577823
2013/11/29,106.284758
2013/12/2,102.783012
2013/12/3,103.38417
2013/12/4,104.060473
2013/12/5,102.940816
2013/12/6,104.263364
2013/12/9,103.654691
2013/12/10,102.910758
2013/12/11,102.489947
2013/12/12,102.497462
2013/12/13,102.497462
2013/12/16,99.919996
2013/12/17,100.100344
2013/12/18,99.559301
2013/12/19,98.552362
2013/12/20,95.170847
2013/12/23,95.065644
2013/12/24,95.140789
2013/12/25,94.877783
2013/12/26,93.735582
2013/12/27,94.832696
2013/12/30,93.525177
2013/12/31,96.470852
2014/1/2,94.667377
2014/1/3,93.164482
2014/1/6,90.722277
2014/1/7,90.594531
2014/1/8,89.722852
2014/1/9,89.677765
2014/1/10,89.625163
2014/1/13,90.091061
2014/1/14,91.158117
2014/1/15,89.241925
2014/1/16,91.669101
2014/1/17,90.399154
2014/1/20,95.27605
2014/1/21,95.426339
2014/1/22,100.821734
2014/1/23,100.761618
2014/1/24,101.821159
2014/1/27,105.766259
2014/1/28,104.616544
2014/1/29,102.955845
2014/1/30,99.341382
2014/2/7,100.611328
2014/2/10,99.837337
2014/2/11,100.724045
2014/2/12,100.806705
2014/2/13,101.948905
2014/2/14,107.381872
2014/2/17,112.702121
2014/2/18,110.470322
2014/2/19,112.36397
2014/2/20,111.958188
2014/2/21,112.025818
2014/2/24,110.928705
2014/2/25,106.983604
2014/2/26,106.728112
2014/2/27,108.922339
2014/2/28,112.732179
2014/3/3,116.421787
2014/3/4,115.272072
2014/3/5,120.111395
2014/3/6,121.734522
2014/3/7,124.357075
2014/3/10,117.932197
2014/3/11,121.869783
2014/3/12,119.126999
2014/3/13,123.891177
2014/3/14,123.139729
2014/3/17,125.093493
2014/3/18,128.738014
2014/3/19,131.02993
2014/3/20,127.129916
2014/3/21,128.79813
2014/3/24,128.715471
2014/3/25,125.348985
2014/3/26,119.096941
2014/3/27,118.473239
2014/3/28,114.700972
2014/3/31,116.248954
2014/4/1,122.102732
2014/4/2,124.469792
2014/4/3,124.221814
2014/4/4,123.282504
2014/4/8,123.643199
2014/4/9,122.748976
2014/4/10,127.377894
2014/4/11,132.314905
2014/4/14,131.022415
2014/4/15,131.120104
2014/4/16,128.51258
2014/4/17,131.653631
2014/4/18,131.736291
2014/4/21,129.286571
2014/4/22,129.346687
2014/4/23,132.299876
2014/4/24,132.074442
2014/4/25,123.755916
2014/4/28,122.328166
2014/4/29,122.929324
2014/4/30,123.147244
2014/5/5,120.419489
2014/5/6,120.82527
2014/5/7,120.727582
2014/5/8,120.735097
2014/5/9,120.697524
2014/5/12,120.915444
2014/5/13,120.787698
2014/5/14,116.677279
2014/5/15,117.338553
2014/5/16,116.59462
2014/5/19,111.199226
2014/5/20,108.944883
2014/5/21,113.468598
2014/5/22,112.754723
2014/5/23,114.44548
2014/5/26,115.399818
2014/5/27,115.121783
2014/5/28,115.677854
2014/5/29,115.940861
2014/5/30,115.136812
2014/6/3,114.79866
2014/6/4,113.581315
2014/6/5,116.301556
2014/6/6,115.414847
2014/6/9,115.144326
2014/6/10,116.324099
2014/6/11,115.677854
2014/6/12,114.693458
2014/6/13,114.828718
2014/6/16,116.038549
2014/6/17,115.114268
2014/6/18,115.407333
2014/6/19,114.768602
2014/6/20,115.106754
2014/6/23,117.458785
2014/6/24,122.914295
2014/6/25,120.799473
2014/6/26,120.298371
2014/6/27,119.228222
2014/6/30,120.587142
2014/7/1,120.408784
2014/7/2,120.672074
2014/7/3,121.674278
2014/7/4,121.725237
2014/7/7,122.43867
2014/7/8,120.757007
2014/7/9,119.958641
2014/7/10,119.788776
2014/7/11,120.493716
2014/7/14,127.203382
2014/7/15,130.634655
2014/7/16,131.280142
2014/7/17,130.583695
2014/7/18,136.724314
2014/7/21,136.724314
2014/7/22,138.609815
2014/7/23,139.195849
2014/7/24,138.890092
2014/7/25,139.187356
2014/7/28,139.501606
2014/7/29,136.79226
2014/7/30,134.626482
2014/7/31,136.121293
2014/8/1,138.422964
2014/8/4,139.629005
2014/8/5,141.200256
2014/8/6,138.711734
2014/8/7,136.40157
2014/8/8,137.709531
2014/8/11,138.499403
2014/8/12,137.624598
2014/8/13,138.006794
2014/8/14,137.13199
2014/8/15,137.199936
2014/8/18,135.679644
2014/8/19,134.770867
2014/8/20,137.590625
2014/8/21,135.866496
2014/8/22,135.271968
2014/8/25,134.830319
2014/8/26,133.955515
2014/8/27,132.808926
2014/8/28,132.511663
2014/8/29,134.388671
2014/9/1,134.575522
2014/9/2,138.066247
2014/9/3,139.985721
2014/9/4,140.189559
2014/9/5,142.270405
2014/9/9,139.357221
2014/9/10,139.212836
2014/9/11,137.573639
2014/9/12,137.972821
2014/9/15,135.390874
2014/9/16,133.73469
2014/9/17,134.388671
2014/9/18,135.254982
2014/9/19,136.613902
2014/9/22,133.293041
2014/9/23,133.751677
2014/9/24,136.053347
2014/9/25,137.751997
2014/9/26,137.853916
2014/9/29,137.989808
2014/9/30,137.701037
2014/10/8,136.511983
2014/10/9,135.900469
2014/10/10,135.059637
2014/10/13,132.579609
2014/10/14,131.568912
2014/10/15,133.615785
2014/10/16,133.615785
2014/10/17,134.516069
2014/10/20,133.276055
2014/10/21,134.584015
2014/10/22,135.110597
2014/10/23,135.085117
2014/10/24,134.940732
2014/10/27,133.768663
2014/10/28,134.821826
2014/10/29,134.448123
2014/10/30,132.002068
2014/10/31,133.072217
2014/11/3,132.13796
2014/11/4,128.579289
2014/11/5,124.128826
2014/11/6,124.978151
2014/11/7,125.73405
2014/11/10,130.600682
2014/11/11,130.243965
2014/11/12,129.853276
2014/11/13,128.74066
2014/11/14,133.590305
2014/11/17,135.934442
2014/11/18,132.197412
2014/11/19,130.006154
2014/11/20,127.976268
2014/11/21,130.057114
2014/11/24,130.75356
2014/11/25,131.339594
2014/11/26,132.45221
2014/11/27,133.072217
2014/11/28,132.358784
2014/12/1,135.942935
2014/12/2,136.860206
2014/12/3,139.994215
2014/12/4,147.892936
2014/12/5,145.166603
2014/12/8,146.907719
2014/12/9,146.814293
2014/12/10,152.810526
2014/12/11,149.387747
2014/12/12,149.982275
2014/12/15,156.309745
2014/12/16,153.413547
2014/12/17,152.0886
2014/12/18,152.317918
2014/12/19,153.574919
2014/12/22,156.360704
2014/12/23,160.403491
2014/12/24,155.477406
2014/12/25,157.830036
2014/12/26,159.307862
2014/12/29,155.834123
2014/12/30,158.687854
2014/12/31,161.048977
2015/1/5,172.005268
2015/1/6,168.021934
2015/1/7,163.868736
2015/1/8,162.866533
2015/1/9,161.635012
2015/1/12,158.339631
2015/1/13,157.023178
2015/1/14,155.579325
2015/1/15,158.033874
2015/1/16,158.067847
2015/1/19,149.039524
2015/1/20,151.247769
2015/1/21,154.882879
2015/1/22,153.923142
2015/1/23,153.744784
2015/1/26,155.256582
2015/1/27,152.971898
2015/1/28,150.729681
2015/1/29,149.608572
2015/1/30,150.483376
2015/2/2,148.47897
2015/2/3,151.494073
2015/2/4,150.542829
2015/2/5,147.82499
2015/2/6,148.292118
2015/2/9,156.530569
2015/2/10,155.324528
2015/2/11,155.553846
2015/2/12,155.910562
2015/2/13,154.993291
2015/2/16,155.689738
2015/2/17,154.763974
2015/2/25,156.241799
2015/2/26,158.517989
2015/2/27,162.263512
2015/3/2,161.991728
2015/3/3,157.931955
2015/3/4,158.985118
2015/3/5,157.566746
2015/3/6,155.953028
2015/3/9,162.696668
2015/3/10,159.528686
2015/3/11,163.053384
2015/3/12,163.707364
2015/3/13,161.295282
2015/3/16,164.565182
2015/3/17,167.12165
2015/3/18,169.397841
2015/3/19,165.856156
2015/3/20,164.047094
2015/3/23,165.686291
2015/3/24,166.204379
2015/3/25,163.732844
2015/3/26,168.641942
2015/3/27,165.236149
2015/3/30,167.12165
2015/3/31,166.433697
2015/4/1,165.907116
2015/4/2,165.261629
2015/4/3,167.155623
2015/4/7,170.434017
2015/4/8,173.686931
2015/4/9,169.864969
2015/4/10,170.051821
2015/4/13,173.177336
2015/4/14,174.960918
2015/4/15,174.706121
2015/4/16,192.176733
2015/4/17,197.518986
2015/4/20,198.767494
2015/4/21,218.641695
2015/4/22,224.128334
2015/4/23,217.461134
2015/4/24,219.54198
2015/4/27,217.248803
2015/4/28,210.539136
2015/4/29,212.14436
2015/4/30,214.225206
2015/5/4,216.552356
2015/5/5,204.644822
2015/5/6,206.114154
2015/5/7,208.025135
2015/5/8,215.872896
2015/5/11,218.650189
2015/5/12,216.085228
2015/5/13,217.766891
2015/5/14,213.52876
2015/5/15,208.228973
2015/5/18,204.806194
2015/5/19,212.365185
2015/5/20,215.686045
2015/5/21,219.626912
2015/5/22,234.294752
2015/5/25,243.611846
2015/5/26,242.516217
2015/5/27,235.17805
2015/5/28,221.767211
2015/5/29,224.077374
2015/6/1,230.557723
2015/6/2,226.446991
2015/6/3,223.194077
2015/6/4,219.304169
2015/6/5,215.592619
2015/6/8,224.765328
2015/6/9,220.000615
2015/6/10,221.716251
2015/6/11,220.87542
2015/6/12,225.920409
2015/6/15,221.580359
2015/6/16,215.686045
2015/6/17,216.654275
2015/6/18,207.209783
2015/6/19,199.85463
2015/6/23,214.242193
2015/6/24,221.852143
2015/6/25,213.851503
2015/6/26,205.918809
2015/6/29,209.47748
2015/6/30,218.828547
2015/7/1,218.692655
2015/7/2,221.079258
2015/7/3,212.16984
2015/7/6,215.762484
2015/7/7,207.388141
2015/7/8,201.171083
2015/7/9,219.074851
2015/7/10,225.572186
2015/7/13,218.913479
2015/7/14,211.524353
2015/7/15,213.401361
2015/7/16,213.681638
2015/7/17,217.056968
2015/7/20,214.03344
2015/7/21,210.753198
2015/7/22,206.446097
2015/7/23,208.737513
2015/7/24,208.42375
2015/7/27,191.604189
2015/7/28,195.702115
2015/7/29,197.518133
2015/7/30,195.825718
2015/7/31,196.65291
2015/8/3,199.24858
2015/8/4,201.539995
2015/8/5,196.995196
2015/8/6,194.874923
2015/8/7,196.747989
2015/8/10,201.853758
2015/8/11,200.380026
2015/8/12,199.163008
2015/8/13,199.20104
2015/8/14,199.647913
2015/8/17,196.072925
2015/8/18,191.166823
2015/8/19,191.699268
2015/8/20,185.471561
2015/8/21,177.161614
2015/8/24,161.292847
2015/8/25,167.900872
2015/8/26,174.832167
2015/8/27,187.373151
2015/8/28,183.170638
2015/8/31,185.7568
2015/9/1,184.806005
2015/9/2,185.034196
2015/9/7,179.424506
2015/9/8,180.004491
2015/9/9,182.41951
2015/9/10,183.703083
2015/9/11,183.417844
2015/9/14,192.564491
2015/9/15,192.06057
2015/9/16,194.485097
2015/9/17,188.257391
2015/9/18,189.617027
2015/9/21,189.493424
2015/9/22,189.4649
2015/9/23,185.138783
2015/9/24,184.454211
2015/9/25,183.940782
2015/9/28,181.963128
2015/9/29,180.812666
2015/9/30,180.945778
2015/10/8,187.801009
2015/10/9,187.259056
2015/10/12,188.342962
2015/10/13,188.960979
2015/10/14,188.095755
2015/10/15,190.149472
2015/10/16,190.862569
2015/10/19,192.745142
2015/10/20,192.032046
2015/10/21,190.453727
2015/10/22,192.564491
2015/10/23,200.598708
2015/10/26,207.016574
2015/10/27,204.658603
2015/10/28,201.986869
2015/10/29,202.519314
2015/10/30,203.336998
2015/11/2,202.100964
2015/11/3,199.391199
2015/11/4,204.401888
2015/11/5,205.904144
2015/11/6,207.672622
2015/11/9,209.964038
2015/11/10,211.43777
2015/11/11,209.317498
2015/11/12,209.184386
2015/11/13,204.525491
2015/11/16,203.260934
2015/11/17,203.812395
2015/11/18,204.097634
2015/11/19,204.449428
2015/11/20,203.203886
2015/11/23,202.158012
2015/11/24,201.273773
2015/11/25,202.500298
2015/11/26,202.367187
2015/11/27,197.518133
2015/11/30,203.764855
2015/12/1,203.27995
2015/12/2,210.677134
2015/12/3,209.365037
2015/12/4,204.71565
2015/12/7,203.955014
2015/12/8,201.511471
2015/12/9,203.916983
2015/12/10,202.481282
2015/12/11,201.00755
2015/12/14,203.565188
2015/12/15,203.955014
2015/12/16,203.384537
2015/12/17,205.238587
2015/12/18,206.208398
2015/12/21,215.858967
2015/12/22,213.957377
2015/12/23,212.027263
2015/12/24,213.719678
2015/12/25,213.453455
2015/12/28,208.338179
2015/12/29,209.013243
2015/12/30,208.090972
2015/12/31,207.45394
2016/1/4,199.685945
2016/1/5,202.348171
2016/1/6,201.739662
2016/1/7,192.279253
2016/1/8,194.561161
2016/1/11,190.025869
2016/1/12,187.106929
2016/1/13,189.949805
2016/1/14,194.741812
2016/1/15,189.208185
2016/1/18,189.617027
2016/1/19,199.89512
2016/1/20,192.364824
2016/1/21,190.406187
2016/1/22,192.764158
2016/1/25,192.792682
2016/1/26,189.217693
2016/1/27,190.092425
2016/1/28,186.964309
2016/1/29,190.776997
2016/2/1,191.385506
2016/2/2,194.485097
2016/2/3,193.63889
2016/2/4,194.903447
2016/2/5,193.838557
2016/2/15,190.548806
2016/2/16,193.886096
2016/2/17,192.345809
2016/2/18,191.78484
2016/2/19,193.115952
2016/2/22,197.575181
2016/2/23,201.958345
2016/2/24,207.026082
2016/2/25,201.958345
2016/2/26,206.170366
2016/2/29,204.335332
2016/3/1,207.672622
2016/3/2,213.187233
2016/3/3,216.600587
2016/3/4,227.030807
2016/3/7,222.143721
2016/3/8,217.931699
2016/3/9,216.248792
2016/3/10,216.838285
2016/3/11,216.828777
2016/3/14,213.520011
2016/3/15,220.508354
2016/3/16,217.361222
2016/3/17,218.264478
2016/3/18,214.879648
2016/3/21,220.565401
2016/3/22,222.951896
2016/3/23,223.408278
2016/3/24,230.719891
2016/3/25,232.925735
2016/3/28,237.299392
2016/3/29,235.901723
2016/3/30,236.42466
2016/3/31,235.454849
2016/4/1,233.030322
2016/4/5,233.439164
2016/4/6,244.553957
2016/4/7,241.606492
2016/4/8,237.565614
2016/4/11,231.727733
2016/4/12,232.868687
2016/4/13,230.320557
2016/4/14,230.81497
2016/4/15,232.849671
2016/4/18,231.689702
2016/4/19,231.214304
2016/4/20,226.707536
2016/4/21,228.542571
2016/4/22,235.226659
2016/4/25,232.488369
2016/4/26,231.860845
2016/4/27,232.830656
2016/4/28,234.313896
2016/4/29,238.839679
2016/5/3,247.206674
2016/5/4,243.603162
2016/5/5,245.086402
2016/5/6,239.80949
2016/5/9,238.478377
2016/5/10,239.676379
2016/5/11,244.230686
2016/5/12,243.365463
2016/5/13,238.611489
2016/5/16,239.248521
2016/5/17,237.727249
2016/5/18,232.412306
2016/5/19,233.676863
2016/5/20,238.896727
2016/5/23,241.692064
2016/5/24,239.543268
2016/5/25,239.467204
2016/5/26,240.27538
2016/5/27,240.018665
2016/5/30,243.527098
2016/5/31,251.456728
2016/6/1,250.810187
2016/6/2,254.565827
2016/6/3,269.921165
2016/6/6,262.466933
2016/6/7,264.178363
2016/6/8,260.784026
2016/6/13,253.919286
2016/6/14,259.329309
2016/6/15,262.885282
2016/6/16,260.536819
2016/6/17,264.568189
2016/6/20,262.52398
2016/6/21,260.337152
2016/6/22,264.739332
2016/6/23,262.837743
2016/6/24,260.29912
2016/6/27,273.524677
2016/6/28,274.028599
2016/6/29,274.000075
2016/6/30,277.556048
2016/7/1,277.964019
2016/7/4,285.47236
2016/7/5,291.96081
2016/7/6,308.094515
2016/7/7,307.822544
2016/7/8,301.02327
2016/7/11,306.103299
2016/7/12,315.418304
2016/7/13,308.094515
2016/7/14,307.997382
2016/7/15,308.415052
2016/7/18,307.142616
2016/7/19,299.274886
2016/7/20,299.711982
2016/7/21,305.365092
2016/7/22,299.090334
2016/7/25,302.334559
2016/7/26,309.891466
2016/7/27,305.005702
2016/7/28,306.987204
2016/7/29,304.170363
2016/8/1,298.157862
2016/8/2,297.429368
2016/8/3,298.021877
2016/8/4,297.516788
2016/8/5,297.157397
2016/8/8,299.265172
2016/8/9,306.695807
2016/8/10,304.811437
2016/8/11,307.686558
2016/8/12,307.880823
2016/8/15,309.638921
2016/8/16,300.644454
2016/8/17,299.323452
2016/8/18,297.64306
2016/8/19,297.691626
2016/8/22,298.507539
2016/8/23,298.080156
2016/8/24,296.526036
2016/8/25,294.321129
2016/8/26,292.805862
2016/8/29,298.711517
2016/8/30,297.089405
2016/8/31,301.295241
2016/9/1,299.85768
2016/9/2,297.011699
2016/9/5,299.653702
2016/9/6,301.05241
2016/9/7,297.808185
2016/9/8,297.050552
2016/9/9,295.894675
2016/9/12,289.513071
2016/9/13,291.815111
2016/9/14,290.979772
2016/9/19,291.523714
2016/9/20,286.501964
2016/9/21,285.618059
2016/9/22,288.46404
2016/9/23,289.143968
2016/9/26,280.450611
2016/9/27,282.820643
2016/9/28,280.139787
2016/9/29,282.636092
2016/9/30,289.367373
2016/10/10,294.272563
2016/10/11,300.061659
2016/10/12,297.050552
2016/10/13,295.175895
2016/10/14,296.83686
2016/10/17,293.777187
2016/10/18,298.352127
2016/10/19,297.662486
2016/10/20,296.720301
2016/10/21,295.467292
2016/10/24,298.128722
2016/10/25,303.966384
2016/10/26,304.685165
2016/10/27,307.783691
2016/10/28,307.958529
2016/10/31,308.832722
2016/11/1,307.599139
2016/11/2,306.142152
2016/11/3,306.802653
2016/11/4,305.792475
2016/11/7,306.287851
2016/11/8,310.823937
2016/11/9,307.725411
2016/11/10,309.978885
2016/11/11,306.045019
2016/11/14,302.072301
2016/11/15,305.005702
2016/11/16,304.170363
2016/11/17,302.120867
2016/11/18,301.110689
2016/11/21,300.625027
2016/11/22,300.013092
2016/11/23,303.976098
2016/11/24,307.84197
2016/11/25,307.803117
2016/11/28,310.338275
2016/11/29,314.670384
2016/11/30,309.930319
2016/12/1,311.814689
2016/12/2,312.543182
2016/12/5,306.870646
2016/12/6,317.059843
2016/12/7,318.060307
2016/12/8,328.0261
2016/12/9,328.074666
2016/12/12,317.487226
2016/12/13,323.460873
2016/12/14,322.742093
2016/12/15,318.643102
2016/12/16,318.186579
2016/12/19,316.613033
2016/12/20,317.118122
2016/12/21,319.23561
2016/12/22,315.874826
2016/12/23,310.853077
2016/12/26,315.175473
2016/12/27,316.807298
2016/12/28,314.437266
2016/12/29,317.924322
2016/12/30,324.568183
2017/1/3,324.966427
2017/1/4,341.818912
2017/1/5,336.797163
2017/1/6,340.701888
2017/1/9,338.516408
2017/1/10,338.992357
2017/1/11,335.544154
2017/1/12,337.098273
2017/1/13,334.980785
2017/1/16,331.678281
2017/1/17,339.118629
2017/1/18,344.898012
2017/1/19,344.548335
2017/1/20,344.810592
2017/1/23,341.148698
2017/1/24,340.264792
2017/1/25,337.661642
2017/1/26,334.543689
2017/2/3,336.904008
2017/2/6,336.904008
2017/2/7,333.727776
2017/2/8,334.339711
2017/2/9,337.642215
2017/2/10,335.184764
2017/2/13,339.72085
2017/2/14,340.16766
2017/2/15,338.535834
2017/2/16,338.108451
2017/2/17,340.507623
2017/2/20,350.929939
2017/2/21,348.45306
2017/2/22,351.512734
2017/2/23,351.328182
2017/2/24,352.221801
2017/2/27,346.95722
2017/2/28,344.490055
2017/3/1,346.384139
2017/3/2,346.588117
2017/3/3,346.316146
2017/3/6,348.666752
2017/3/7,356.670468
2017/3/8,356.748174
2017/3/9,359.293045
2017/3/10,359.244479
2017/3/13,360.895731
2017/3/14,358.904515
2017/3/15,363.935978
2017/3/16,364.023397
2017/3/17,367.627012
2017/3/20,375.329618
2017/3/21,382.711686
2017/3/22,383.168209
2017/3/23,378.612696
2017/3/24,375.727861
2017/3/27,367.957262
2017/3/28,369.35597
2017/3/29,372.648761
2017/3/30,375.06736
2017/3/31,375.281052
2017/4/5,378.486423
2017/4/6,380.671904
2017/4/7,381.604376
2017/4/10,378.039614
2017/4/11,374.241734
2017/4/12,379.040078
2017/4/13,386.966089
2017/4/14,384.110394
2017/4/17,384.440644
2017/4/18,393.046582
2017/4/19,394.105326
2017/4/20,403.400905
2017/4/21,389.044724
2017/4/24,387.121501
2017/4/25,406.878247
2017/4/26,405.974915
2017/4/27,409.355126
2017/4/28,401.62338
2017/5/2,400.263525
2017/5/3,405.634952
2017/5/4,404.071119
2017/5/5,404.25567
2017/5/8,393.852782
2017/5/9,397.038727
2017/5/10,398.330589
2017/5/11,400.341231
2017/5/12,401.613667
2017/5/15,407.519322
2017/5/16,417.786225
2017/5/17,414.367162
2017/5/18,417.222857
2017/5/19,428.1794
2017/5/22,429.111872
2017/5/23,441.175726
2017/5/24,437.406986
2017/5/25,437.678957
2017/5/26,438.961106
2017/5/31,430.238609
2017/6/1,436.396808
2017/6/2,434.483298
2017/6/5,431.666456
2017/6/6,435.949999
2017/6/7,446.197475
2017/6/8,450.99582
2017/6/9,452.384814
2017/6/12,459.320074
2017/6/13,459.475486
2017/6/14,460.786774
2017/6/15,450.986107
2017/6/16,449.363994
2017/6/19,456.687783
2017/6/20,452.928756
2017/6/21,459.154948
2017/6/22,459.193801
2017/6/23,459.174375
2017/6/26,470.781706
2017/6/27,470.218338
2017/6/28,461.67068
2017/6/29,459.446346
2017/6/30,458.319609
2017/7/3,447.1688
2017/7/4,438.961106
2017/7/5,446.935682
2017/7/6,442.904684
2017/7/7,439.729748
2017/7/10,448.110812
2017/7/11,456.649636
2017/7/12,451.068834
2017/7/13,449.777164
2017/7/14,450.023666
2017/7/17,443.772379
2017/7/18,446.217677
2017/7/19,450.46737
2017/7/20,459.942901
2017/7/21,466.578732
2017/7/24,471.114366
2017/7/25,471.272127
2017/7/26,465.0307
2017/7/27,467.239357
2017/7/28,477.148732
2017/7/31,474.486511
2017/8/1,473.520224
2017/8/2,476.083843
2017/8/3,470.542482
2017/8/4,467.012575
2017/8/7,474.821754
2017/8/8,475.827482
2017/8/9,483.981763
2017/8/10,484.750849
2017/8/11,477.286773
2017/8/14,492.83611
2017/8/15,489.030121
2017/8/16,489.542845
2017/8/17,485.796017
2017/8/18,482.798554
2017/8/21,482.877435
2017/8/22,480.402556
2017/8/23,487.097547
2017/8/24,485.914338
2017/8/25,486.091819
2017/8/28,485.155112
2017/8/29,482.591493
2017/8/30,486.072099
2017/8/31,484.277565
2017/9/1,488.251176
2017/9/4,485.529795
2017/9/5,483.133797
2017/9/6,478.193899
2017/9/7,474.535812
2017/9/8,467.73236
2017/9/11,471.62709
2017/9/12,478.124879
2017/9/13,484.750849
2017/9/14,483.843722
2017/9/15,482.985896
2017/9/18,491.988144
2017/9/19,489.996409
2017/9/20,489.256903
2017/9/21,491.790942
2017/9/22,492.934711
2017/9/25,500.142426
2017/9/26,502.163741
2017/9/27,501.098853
2017/9/28,511.205429
2017/9/29,510.396903
2017/10/9,520.385159
2017/10/10,532.503191
2017/10/11,537.906511
2017/10/12,536.476801
2017/10/13,548.368051
2017/10/16,552.844524
2017/10/17,548.939935
2017/10/18,552.874105
2017/10/19,574.447948
2017/10/20,566.293666
2017/10/23,565.386539
2017/10/24,559.391614
2017/10/25,557.754842
2017/10/26,596.623256
2017/10/27,640.540028
2017/10/30,613.375523
2017/10/31,609.382192
2017/11/1,614.29251
2017/11/2,618.147799
2017/11/3,630.22639
2017/11/6,643.922034
2017/11/7,633.085812
2017/11/8,641.279534
2017/11/9,640.973872
2017/11/10,668.46376
2017/11/13,678.254814
2017/11/14,669.252566
2017/11/15,678.452015
2017/11/16,709.047827
2017/11/17,680.591651
2017/11/20,669.646969
2017/11/21,667.773554
2017/11/22,641.417575
2017/11/23,624.86251
2017/11/24,621.224142
2017/11/27,612.596577
2017/11/28,639.159618
2017/11/29,629.191082
2017/11/30,622.170709
2017/12/1,613.641745
2017/12/4,628.8657
2017/12/5,624.103284
2017/12/6,616.264524
2017/12/7,608.060942
2017/12/8,618.502761
2017/12/11,641.880998
2017/12/12,642.206381
2017/12/13,658.860047
2017/12/14,655.25126
2017/12/15,644.641819
2017/12/18,656.454189
2017/12/19,657.755719
2017/12/20,675.326372
2017/12/21,672.200728
2017/12/22,673.364217
2017/12/25,678.491455
2017/12/26,671.283741
2017/12/27,654.886437
2017/12/28,708.633704
2017/12/29,687.730345
2018/1/2,694.001353
2018/1/3,705.843303
2018/1/4,726.756521
2018/1/5,728.02847
2018/1/8,741.605793
2018/1/9,771.57056
2018/1/10,774.715924
2018/1/11,763.968442
2018/1/12,777.388004
2018/1/15,774.380681
2018/1/16,762.124609
2018/1/17,737.464562
2018/1/18,740.235243
2018/1/19,739.683079
2018/1/22,762.814814
2018/1/23,762.952855
2018/1/24,753.763265
2018/1/25,758.3975
2018/1/26,766.34472
2018/1/29,726.017015
2018/1/30,731.696418
2018/1/31,753.842146
2018/2/1,747.127435
2018/2/2,730.039926
2018/2/5,708.18014
2018/2/6,698.94125
2018/2/7,673.86708
2018/2/8,691.181372
2018/2/9,673.86708
2018/2/12,687.720485
2018/2/13,702.017594
2018/2/14,708.397062
2018/2/22,732.061241
2018/2/23,732.090821
2018/2/26,733.106409
2018/2/27,727.653788
2018/2/28,715.466735
2018/3/1,731.587957
2018/3/2,726.105756
2018/3/5,710.033834
2018/3/6,708.20972
2018/3/7,700.104739
2018/3/8,712.646754
2018/3/9,718.010635
2018/3/12,713.820103
2018/3/13,700.410401
2018/3/14,716.709105
2018/3/15,736.024991
2018/3/16,729.497622
2018/3/19,742.936903
2018/3/20,737.26736
2018/3/21,731.617538
2018/3/22,715.920299
2018/3/23,701.110467
2018/3/26,703.506465
2018/3/27,704.738974
2018/3/28,672.50639
2018/3/29,679.457743
2018/3/30,674.054422
2018/4/2,670.544235
2018/4/3,668.424319
2018/4/4,684.299039
2018/4/9,688.529011
2018/4/10,698.113004
2018/4/11,695.490224
2018/4/12,684.486381
2018/4/13,677.249086
2018/4/16,671.845765
2018/4/17,656.878172
2018/4/18,646.465933
2018/4/19,670.445635
2018/4/20,660.881362
2018/4/23,664.57889
2018/4/24,680.226829
2018/4/25,681.301577
2018/4/26,668.739842
2018/4/27,653.259525
2018/5/2,658.485364
2018/5/3,661.492687
2018/5/4,653.594767
2018/5/7,688.40083
2018/5/8,698.91167
2018/5/9,692.127939
2018/5/10,704.19667
2018/5/11,707.973079
2018/5/14,732.021801
2018/5/15,732.662706
2018/5/16,724.242202
2018/5/17,717.202108
2018/5/18,728.975038
2018/5/21,724.538004
2018/5/22,729.221539
2018/5/23,713.652482
2018/5/24,705.389739
2018/5/25,706.82931
2018/5/28,730.039926
2018/5/29,721.195439
2018/5/30,715.713237
2018/5/31,740.619786
2018/6/1,734.684021
2018/6/4,771.028256
2018/6/5,777.023181
2018/6/6,774.755364
2018/6/7,770.042248
2018/6/8,767.064506
2018/6/11,764.875569
2018/6/12,788.007304
2018/6/13,779.271278
2018/6/14,775.130047
2018/6/15,773.33
2018/6/19,738
2018/6/20,763.59
2018/6/21,759.32
2018/6/22,766.53
2018/6/25,765.56
2018/6/26,754.8
2018/6/27,722.44
2018/6/28,710.93
2018/6/29,731.46
2018/7/2,711.55
2018/7/3,694.92
2018/7/4,690.91
2018/7/5,702.39
2018/7/6,714.12
2018/7/9,727.24
2018/7/10,725.76
2018/7/11,719.58
2018/7/12,737.54
2018/7/13,746.99
2018/7/16,754.68
2018/7/17,742.43
2018/7/18,737.44
2018/7/19,740.95
2018/7/20,741.13
2018/7/23,732.07
2018/7/24,745.4
2018/7/25,743.81
2018/7/26,735.62
2018/7/27,738.56
2018/7/30,719.21
2018/7/31,726.44
2018/8/1,714.94
2018/8/2,695.84
2018/8/3,678.99
2018/8/6,669.68
2018/8/7,686.28
2018/8/8,676.22
2018/8/9,691.88
2018/8/10,687.18
2018/8/13,679.22
2018/8/14,680.13
2018/8/15,662.8
2018/8/16,648.44
2018/8/17,634.86
2018/8/20,644.79
2018/8/21,671.49
2018/8/22,667.7
2018/8/23,670.21
2018/8/24,660.3
2018/8/27,687.3
2018/8/28,681
2018/8/29,685.85
2018/8/30,680.4
2018/8/31,659.19
2018/9/3,666.21
2018/9/4,675.04
2018/9/5,657.79
2018/9/6,644
2018/9/7,650.97
2018/9/10,644.8
2018/9/11,646
2018/9/12,630
2018/9/13,631.98
2018/9/14,642.9
2018/9/17,645.81
2018/9/18,666.7
2018/9/19,681.42
2018/9/20,678.55
2018/9/21,700.01
2018/9/25,697.02
2018/9/26,724.93
2018/9/27,724
2018/9/28,730
2018/10/8,686.15
2018/10/9,695
2018/10/10,670.92
2018/10/11,644.99
2018/10/12,668
2018/10/15,666.9
2018/10/16,667.14
2018/10/17,665.72
2018/10/18,645.94
2018/10/19,670
2018/10/22,693
2018/10/23,641.74
2018/10/24,636.99
2018/10/25,619
2018/10/26,610.1
2018/10/29,549.09
2018/10/30,524
2018/10/31,548.9
2018/11/1,563
2018/11/2,599.9
2018/11/5,575.8
2018/11/6,566
2018/11/7,566.4
2018/11/8,570.34
2018/11/9,562
2018/11/12,552
2018/11/13,570
2018/11/14,555.1
2018/11/15,559.7
2018/11/16,560
2018/11/19,569.02
2018/11/20,561.6
2018/11/21,564.7
2018/11/22,564.5
2018/11/23,556.9
2018/11/26,552.11
2018/11/27,548.1
2018/11/28,557
2018/11/29,551.6
2018/11/30,565
2018/12/3,601.2
2018/12/4,602.23
2018/12/5,610.1
2018/12/6,591.8
2018/12/7,587
2018/12/10,577.23
2018/12/11,582.99
2018/12/12,589
2018/12/13,601.75
2018/12/14,592.96
2018/12/17,590.52
2018/12/18,590.94
2018/12/19,577.8
2018/12/20,574.5
2018/12/21,567.41
2018/12/24,568
2018/12/25,565.79
2018/12/26,560.08
2018/12/27,563
2018/12/28,590.01
